"RelativePath","FileName","FileHash","FileHashSHA3_512"
".NETAssembliesToLoad.txt",".NETAssembliesToLoad.txt","D9D84A303C7F0E17A7AA69EC8969A9C124BB8839BCAA207CADDCA1FBE1DCB0AAFB9B10DFB78258AA26D21F2E528A12F59727EA1566C84CBE7E7EF72CB3287942",
"WDACConfig.psd1","WDACConfig.psd1","02B50A1D5CD41CE1256B5A72DC25F9D6843204081CBF97D38EEBC537FE2FD81BA087B5E18B6FF47978DA1E388DCB969EC7C7958DFDBD5CB00DC577AD690A8A27",
"WDACConfig.psm1","WDACConfig.psm1","7ED08A8591D55D1D506CB561CC19B6DA8A2D475773F381622C8FD3BCEDE60798C881480A1CF732CCEB2746AFEE62A5A120DBDDCB6873B80C5674A1C9B5C6E1DE",
"Core\Assert-WDACConfigIntegrity.psm1","Assert-WDACConfigIntegrity.psm1","943D860C2B9CCC0E9EA1179DE55D09B6F1517E217F2E95D6AF186539C4668E9F639FA6CF416AA9B58EB035226EB8364DF757F83BD702E5DF0D98E6CD39E43BF9",
"Core\Build-WDACCertificate.psm1","Build-WDACCertificate.psm1","C83E051E84B5520481AB1E6F1CC3579EF3C15CEC66594B35D966D2135926A5045C6DF24EE21D5085B657571A2E08384239F50119FCBED10E59E43906DEE0D94F",
"Core\Confirm-WDACConfig.psm1","Confirm-WDACConfig.psm1","E1E8E52905A55C46FB4341DE484FCA8FEE71DB3433878E33801D1EE8D42CC8CF391007983AD66DA521C52DA5259B75B61E0939F959ADDC91CAA9B011613C4F67",
"Core\ConvertTo-WDACPolicy.psm1","ConvertTo-WDACPolicy.psm1","09DB997708070D5E18E2C0D5BEFA940BC82624FFB3530ED9900E25FF7401B47848885ED6F86B5115724769B4A1391E0DAA1FE3F451FB94CB9B96638B35567F4D",
"Core\Deploy-SignedWDACConfig.psm1","Deploy-SignedWDACConfig.psm1","72D700C61EFC1B7A591D4DCC7F9FA946862ED06C325FEEE34C111E4C7B85E05EC6012E36C7FB6C9A7F14E0609E5798C1F0FF7C99149B6B666B74B81CE4D8961C",
"Core\Edit-SignedWDACConfig.psm1","Edit-SignedWDACConfig.psm1","DABC26DF40007C78E0A568729D6AA3506C99B2830D5765DFA3E15FCBABF9E602583D8BE6E551DE66FBA0F2FA69DE0619D20AFE2C58236A02B6C39CF7A54AFBB3",
"Core\Edit-WDACConfig.psm1","Edit-WDACConfig.psm1","36C090578F5367B1A7603ACBB18C159AB86DE6EED9B368322910048B5A2D2D7FA5DF531DA4D8BE038E7352CCBD26EA244A4E22B08F705E4ECA5ED503333E5A72",
"Core\Get-CiFileHashes.psm1","Get-CiFileHashes.psm1","4116AC95B2D89DA887C55910194BB7BAC6DE517A111163572D863CAB00AD97C88F40932225414AD5EA3B131AD8F1BA9B15F83F969F1F4D22C256DFCC4FE5F894",
"Core\Get-CIPolicySetting.psm1","Get-CIPolicySetting.psm1","93FCC60D9A222B1C96A0AD97CBAB61EC9147C4005F1C04F6A3B80AA01C44D03068A68B5F079B8E3B3C7CC1207693505A2C924EE82C93CF4E15D7E75D26AD5788",
"Core\Get-CommonWDACConfig.psm1","Get-CommonWDACConfig.psm1","E4E969C5B9DBF2693B8C2C6655EB23FF1E500C64088622DC29BCD70E505ACD220C3FBDD9B50D8CD7B5BBFA6D969171BE482DE270D76F77AF8D1FF0BEEB4899D7",
"Core\Invoke-WDACSimulation.psm1","Invoke-WDACSimulation.psm1","8C7B3BC1F502AE093C83A09D344893AD02EBE7FCAC79CF118D96541641E10872FE51E40CF9AD52249FCE5790853F635E9971EA75963916FF01ADA9FF1594489D",
"Core\New-DenyWDACConfig.psm1","New-DenyWDACConfig.psm1","1B56F21F7A60FCC613C5DE149D454D9642A35EEA9E38BDCE955DC1F4A7F10C0C6DAFC3582B1DEBAC6F8CE6F27099986488B0FC51053EDECB1FE480EBA0608AE3",
"Core\New-KernelModeWDACConfig.psm1","New-KernelModeWDACConfig.psm1","12501C929E6C2560E76D5F1C7663119C112AD78600A4EB4C4AC3DD8E206662FBCBE2451520B69BF99DADC12F442F94AC71606CD1A1BA4C5B4E31FA143DEC6CF2",
"Core\New-SupplementalWDACConfig.psm1","New-SupplementalWDACConfig.psm1","94F81E3DFCF1F567E1CB40811A7722A29CD0E2E3DD2DE09FF4F1573CD447B1E4AB8AE9C290D140898148C885D6D276AF8B379F8D55E218FFA486C67E376B7497",
"Core\New-WDACConfig.psm1","New-WDACConfig.psm1","2F79C8FE4D2FB8FE69ED4251CD35125D7C8CA8D5C50ECB152A6BCB014AF7DAA24B06745B7264DE77367B7EE1215807B395BE1851148074F4EAF5812043EE01B5",
"Core\Remove-CommonWDACConfig.psm1","Remove-CommonWDACConfig.psm1","2A3B19260DD1DFA5D20D7AB1A6C8B6000CC7BE68CDBD09EE6BA337CD7A0DD87E6D3AA8B241CD01951BE1F8B0E957756CE979326E90FAFCD5D03DFF32BEECEEF7",
"Core\Remove-WDACConfig.psm1","Remove-WDACConfig.psm1","E216582405D4092CCC7A945A894349F3DD879E014C9E4B94B963B43B45F7DE2BD8791F9C3D846A90F88093378E6F2EE456974097221AB314F5526F603B870321",
"Core\Set-CommonWDACConfig.psm1","Set-CommonWDACConfig.psm1","28C663E567CDCAF4CFC61FE37C9FB876F10D5BC23FC818E6893969E02F54E3722FB2D77C2CF28A501DC704729FE25966631907AAF7039898DD6B8B26BF80C87A",
"Core\Test-CiPolicy.psm1","Test-CiPolicy.psm1","DBE26C5F7AB78ED28D771BEA862C524C16EAF7B5DB02EEB36D749DB9C59EC333EA14F34C8453B7E0A5DC761CD0D46DC81E934E3A7E4E070559DF22C89EDB2671",
"Help\ConvertTo-WDACPolicy.md","ConvertTo-WDACPolicy.md","1E120EB97B40F64DDF7816AF2A1B266827AE6ADB006A4EF1C8A4A41B5F458D040BF38BDF062BBB61FAD53130D6A2B18C1D5F91CB73E0DB318CEB3FF75021BF2E",
"Help\ConvertTo-WDACPolicy.xml","ConvertTo-WDACPolicy.xml","E3AA792DB557BBBBDB29D16A96267C2C3DDE5EEB13D1E925E8F8C4E7F231BF8A784CEF0A444C44D059CAF8F867A819719CE11A2381E5114EAA5014634E64B4A7",
"Public\MockConfigCIBootstrap.psm1","MockConfigCIBootstrap.psm1","7B07C00354D4EA6D80B2F2871EC9C1E039C75BC5E5E2356F66F15635831BF18E8B20D51214DE1913BE2C74ACC9BB22E6EFFFD8944A8FB824CBC8EC275D32E8EF",
"Public\PSCustomObjectArrayToHashtableArray.psm1","PSCustomObjectArrayToHashtableArray.psm1","DE2B991E67278273C8431E428A49D517003CB786E9F15FADF0264462D234BDD45C19B80171139647791D1C8A68B8CAE9F8CE998C69154EE281D77786BA278794",
"Public\Write-ColorfulText.psm1","Write-ColorfulText.psm1","BE30FE6D269A68CAB377A3E016DE774D670AA32F0213B0EC1CCAFA55E3B90DC904C64AE8D36B67392C92F5B2E4A4199BAAC8499C262D98344532CC771E4D00B5",
"Public\Write-FinalOutput.psm1","Write-FinalOutput.psm1","A42114346920BDC4D567D8923F362D145659B6919B5F50CA4A88DEF961A6528A34AB89A076862F1DF8BBD46E5835BDE156E2EF8819A0DBB7637DC71F2666CEEB",
"Resources\PolicyRuleOptions.Json","PolicyRuleOptions.Json","1519B7A7A031923471C33E2D16E7FF05F3E40F06C3728B0E04D9B5669F893E7907809EDAD55C84B24565EA7D5E669A2C3CEE2EB6DF42D5628901010C41D03635",
"Shared\Get-KernelModeDrivers.psm1","Get-KernelModeDrivers.psm1","45F9AAF6C7FB30C03A62C4F104757D45A4A01CDCA37808AFC34A918DB2E329C9730AE0643CBD022606A652E2F67DFB615671B4A1D24AB6B8030C806BB1F45D6D",
"Shared\Get-KernelModeDriversAudit.psm1","Get-KernelModeDriversAudit.psm1","67287409B179443F6FD4607D038FD2E961010BFFBBF16DA4E778A7E1249EEDFD9B49AFF9505D898301116B0550B371BBCB2F8CDAA7A19D8C0CED8A05D786101F",
"Shared\Get-SignTool.psm1","Get-SignTool.psm1","C142B59E9C9AE48B0D844F114C9787354ABBFD72EE25321848D748B8D2377A10A9AE2D56907A5A53FC91F2054DCC6384CF9ABBE28A994394F987E106F6060851",
"Shared\Receive-CodeIntegrityLogs.psm1","Receive-CodeIntegrityLogs.psm1","5CBF8AA9F9F949086498BC6A907E879912B81292E4D7B2C3207AC680439BF2CB2631F2FAB26649EBE10E4DAAFD5A2A377C2E9B98D38CD0FF8DA5462F29595D6B",
"Shared\Select-LogProperties.psm1","Select-LogProperties.psm1","466379089AB118F509A4664A0325347F6D31E5E141089463E1B7C0AE6E5F002B7788222A63E12E478F141A2A5D6E0AA760E90AE7AA44A3844698E2432490D7A6",
"Shared\Set-LogPropertiesVisibility.psm1","Set-LogPropertiesVisibility.psm1","BA3020022FDA1A8200C759067C6B56E58B590AA0994ABFF4A9421ED244C2CC499BEC7C166B59DE0117E201B55C46DFA5B5D6B5D8EF0EDF933817D1D5A959C809",
"Shared\Test-ECCSignedFiles.psm1","Test-ECCSignedFiles.psm1","CB7FAF4E0A7A21A77874BDD72F4EA4D98D5922E4D89B92B43A55ED150E6DCA8140BB621BAED6FFCAA526E41C80FBA88329BE15F5DE3448B86366F318A764EB67",
"Shared\Test-KernelProtectedFiles.psm1","Test-KernelProtectedFiles.psm1","FA3C73310CD556FB47850309A04683DD96E254CFCE3926D34F8C0C4A8284DACA04104BDCF6DBADFCBDB95D22DFAEE366AABEE5B22E1A6C1ED9841AC5B701D3ED",
"WDACSimulation\Compare-SignerAndCertificate.psm1","Compare-SignerAndCertificate.psm1","68A29C43D6798736D7442BC15B1008BF358883B3044150E619EBB6DFB97B130BE44C363E4FB19AA14B2342EC5269EE7FF231996D728D8D5E19B9DE429F3C4ABF",
"XMLOps\Checkpoint-Macros.psm1","Checkpoint-Macros.psm1","7FFBE90498D3480A4AACCCCD0A46A7C2941DEFD9DD586A7930E11429263C460FABFD1547D62A13842BA335D29FE3C46637DB8BDF565D3E798EE1087C0FA625BE",
"XMLOps\Clear-CiPolicy_Semantic.psm1","Clear-CiPolicy_Semantic.psm1","0BF457D1E93B050868C8A27E7A66C5772538A860FAAB6C87B7799BCD939B767E9693EEE0064E5FC227107D4E5758E636B1A3BFDFB45BD101EFE8B6B99705A975",
"XMLOps\Compare-CorrelatedData.psm1","Compare-CorrelatedData.psm1","71B4F24A08950A53E531DA587D168791784B827C8886C9F8DA71EFB3C7EC379E06D0929625685B28A8D71B8DD1AAED62DED359BCAF54AFE66EABA4C754D722A5",
"XMLOps\Merge-Signers_Semantic.psm1","Merge-Signers_Semantic.psm1","CB5E819B63F2A22FADB41907CD7E31092BC571B12307389FDDEDDBFD60C506053D6606F9208861AE2490874082E3DE41039BC1101C92627A46540C121E075912",
"XMLOps\New-CertificateSignerRules.psm1","New-CertificateSignerRules.psm1","5676FA4F8C257F3B1F70D7C36193526F999F8868F4DA45D7254ADC1C8C57F8DD742A1D1131B23674520ECE0C48DC7D4B62FB5829AFE733EB0E9111B1DFF3A73A",
"XMLOps\New-FilePublisherLevelRules.psm1","New-FilePublisherLevelRules.psm1","FC2E01F3D1A5227AB73C98EFDEB777F21C016EFF902E844F20CACC69C817D79F6358098D45DC89E3820487F0454A18BE5BFBF2F5C1924C19F7E9EE88E74B6AC2",
"XMLOps\New-HashLevelRules.psm1","New-HashLevelRules.psm1","820848113544591AB50B0DB97B002134184646C8E96DDB90D81208FD30FCAF4562442CE24CBF0042573382F777194DEDE57C29A926F1F851AFF1256461A62AAC",
"XMLOps\New-Macros.psm1","New-Macros.psm1","6F1D194EF1A96473C7BADFEA019B0CC94E9C570CD9815C0FE2721DC443305F1ACFC113DEEEF4CDA9E376E7C37042ADA713D448808E0984C7F49A49FC963CC2C9",
"XMLOps\New-PFNLevelRules.psm1","New-PFNLevelRules.psm1","3FFACAFE337BD86A230C600D34278A963812F15EE31C1C7FAA0CBDFDBD7564B00DBE69B8C6B1783247C9BA7E81FD17EB8BEC0BE18061FDEC21A4EAD5DBB01F9F",
"XMLOps\New-PublisherLevelRules.psm1","New-PublisherLevelRules.psm1","D629D5B893BB58656F55CEDA9B57B3A3A2812E90B3EDC79357E6DD5D85A5CD2B228F1B4DD88E858FD90F1929C3CE5C334EC67DF38DD81BA75F6B084D63F58CF1",
"XMLOps\Optimize-MDECSVData.psm1","Optimize-MDECSVData.psm1","FD23D8157EBD2307CB65AC2249BE00D7FCBDFF479402C78758B4CED836E28AE6A2B9F3611C1CBABED9BB19151EED3004567D7C1A6042F61A10E5390F8717E594",
"XMLOps\Remove-AllowElements_Semantic.psm1","Remove-AllowElements_Semantic.psm1","ECCE5A543097C6AEEE750FC2E208FA9F3084C41E856604B3D3CBE29850B16A2E08C5AD2ABAFFB8A10DFBB95DF41E82F444BF630A92B4E4CD8D53EC63AF66FBE7",
"XMLOps\Remove-DuplicateFileAttrib_Semantic.psm1","Remove-DuplicateFileAttrib_Semantic.psm1","4B8E151746C1EDFB29772788B95C673697372055A384AB43BF2FAA5E615F135CC47C8BEDE6C2F0135A71FF7FD5D12960D84C185BAD54F51591C02272DAD16BBF",
"XMLOps\Remove-UnreferencedFileRuleRefs.psm1","Remove-UnreferencedFileRuleRefs.psm1","796FBE2B74EE4BDF8C9C7B3960DE85D67D1C5D407739EC8FC604A697C96938B1CC3B66010262FE5B48B2B0648CA52D7FD8A5E21166EF41B01A8D1963A03F0162",
"C#\ArgumentCompleters\ArgumentCompleterAttribute.cs","ArgumentCompleterAttribute.cs","B88EC477DC0EA32D701F86E6C1F0A11236F8D644133E969653C8E1A1A0E6BBEF88EAD2E35AE455FABB74203A2C27EFAAEB614F24D2119FA9BC1045EC6A79CC9E",
"C#\ArgumentCompleters\BasePolicyNamez.cs","BasePolicyNamez.cs","732044E59CA6287F9F3B3CBF4278C71E1BE4EA910116C18C09419507682A9BD3F42AB388E22B6428FECA3CB4F247826EE9802DBDEADA510349B4896DAD103DC8",
"C#\ArgumentCompleters\RuleOptionsx.cs","RuleOptionsx.cs","E2C200DC83FB7791ADD97848FC792FBC45E369B3AC54D8DACD63386A57F9D7050482E7FD7BA4F00C35B9ED9B44A12E8CA8E3B56183A11B0009029AE09D2E0E6C",
"C#\Shared Logics\AllCertificatesGrabber.cs","AllCertificatesGrabber.cs","F55C696401877DBF35F0753C31BB47937CC174945D25FC1A91C617C3CA9317C57110EE8BB8E7C4F0F9B76A27F50F0235D7B0E5715912648AB9EF8AED24B71237",
"C#\Shared Logics\CertCNz.cs","CertCNz.cs","8769157D63762A0AED599C09F78AEB3D25AFC382259809A060A3AD174EDACF7FAF93A2F0CB2D88DF2FC7ADEEBEB93556E78406BCB0424B895CF227A90D89CF53",
"C#\Shared Logics\CertificateHelper.cs","CertificateHelper.cs","3FD96DC69FFFD1CDF5961F62F486E9120853E3160B3680F8FAC683A0DD1634A96FD9A20EBBEC4323406CD755D5470A5C66E350D6066F40BCC23B0EC41C92F48E",
"C#\Shared Logics\CheckPolicyDeploymentStatus.cs","CheckPolicyDeploymentStatus.cs","0BA3163F1D945890D6D57B68CBE528E1EE1C47301BE30D9EFB1C2AAD964C383DCC74FC77E20FBF5ECBD039C2E1AD46F23BA816BE4F9BA01EF11CFC72BA590A96",
"C#\Shared Logics\CiPolicyUtility.cs","CiPolicyUtility.cs","7E3E50F658A6F25922E09C4307B92F98A9B4F338ACFD6F1F6ADA7A7DCC39EE827A27DCF171609FF3A967EBA23D941660E29311637AA23000D468EB3DBC4E87EF",
"C#\Shared Logics\CiToolHelper.cs","CiToolHelper.cs","2585A8533F022033265F7372C30D01DEFA852758D858DB30238810284DB85AC107E1F97E4F7AEB1FC7B32AFED356DC1224F4257718E5F18C42FFA00FED0E7B70",
"C#\Shared Logics\Crypt32CertCN.cs","Crypt32CertCN.cs","BFAD85EA0A807861364A5792564BD21CB63F2EB6C890EDCB8AD651A903694C7AF16FE37390A9EB15A18FDBCE527F156A69606A7DC228772BAF9247BCFE94C9A6",
"C#\Shared Logics\DeviceGuardInfo.cs","DeviceGuardInfo.cs","FE18409413BF415EF6170CAAE167DACEB36017A39581DCE9DE26D58E831A3D9A1B746B81F9DC9821C1F3636F7121C1BAFC36F407CB15E82D1D7507A4B8589D0D",
"C#\Shared Logics\DirectorySelector.cs","DirectorySelector.cs","15023E8139D0ABFA54C8122BB3E518A4CFA8F05362C39F73F5D305877F6DD1D8319A10658963B949FE091B2EC59C8C9DA8A79CCE5D7872BF3FEE190C24393ADD",
"C#\Shared Logics\DriveLetterMapper.cs","DriveLetterMapper.cs","D8C17E64B2A4CF96AD80FD519BC0F626FB7692BAE8BC1634243C95FDA1908EDF775405812E478CB331B321D16842E92F095B8ABED048407E67E956A148C2E564",
"C#\Shared Logics\EditGUIDs.cs","EditGUIDs.cs","1D767CD228B3B310B22F7C2C38F28518BE2CB7DD134A133CC841404C1407E6F434B5DD6001DD33BDEA75F4BE213A2BB1ACC0C6D412753F72AAA9A7FE017BFF2A",
"C#\Shared Logics\EventLogUtility.cs","EventLogUtility.cs","C2F0220DFE6E6604148D929BB746C6D864D3A01F887B8E6E066E775AACAE5CCC36A3B11DF59D22A38D325772DDCD9EF1C17F56182761C1DEF6384AABB4919141",
"C#\Shared Logics\FileDirectoryPathComparer.cs","FileDirectoryPathComparer.cs","F81337DA6B2B9CB221318AF6C38A1C6B24294DF6452262802023CE691C615408240E46165352B68DFA3730E420FD5FD590D5A9794D6BC66862F9D21A5FEE19D9",
"C#\Shared Logics\FileSystemPicker.cs","FileSystemPicker.cs","1DEC69772B4DDAA9B480F28BDDB2E17A46220D5E93D82FF2A78DFA1345849BEF5AC9BB076AD213338944BB92E87FF2E1029E571E6F8ECAA3DDDC5D1712AD1BBF",
"C#\Shared Logics\GetExtendedFileAttrib.cs","GetExtendedFileAttrib.cs","4257AA278470E1B2F55E0EF39A761E12346950D5F1CFB1AC3D7FC35A026FBE5994FF8020B60572ED649ED0C451D4F4AD2C53E8D0AE56640428DC86A388A873B2",
"C#\Shared Logics\GetFilesFast.cs","GetFilesFast.cs","9DF99DCA122B4A8121F7F1051F0E1D20A2F79D6E5D10B2D6BA1BE741600D6A498421E02B8A3E37C9C0ACDB1E477D39174477E95ADB054E3EB8B745849AF1A46D",
"C#\Shared Logics\GetOpusData.cs","GetOpusData.cs","6D7827BE5848A22DC424DAD7869CA998D2F5CFD8E4C654B3F2D3B19EB0256341654055ED0CA8EB1F960F745B3C32266FFF1DDE30345671F6C970DF3767ECD3B6",
"C#\Shared Logics\Initializer.cs","Initializer.cs","33839E6823AFD2840EA99606D686A7D79D23186157E39A0DE3DC0CE818303C6456B255F6E0B6429CEFB3AD9CF1BAFA65630196600D77231A2DE13ED203675416",
"C#\Shared Logics\MeowOpener.cs","MeowOpener.cs","7DED0F2FABE330A144626F26BC424F607FEE13E0939D2DD37E457F01D59DE093133CE065174EB16F99C39BEF814FBBAB2BAC34FD8905CF9768D70C49484BBD49",
"C#\Shared Logics\MoveUserModeToKernelMode.cs","MoveUserModeToKernelMode.cs","DBD6669B7957FF4510F307E3919773A45B3914EC01BFA39069DB14287019AB172CF12F320FF28CB2B7625B936E23D88C392375EC2387C72D08FE506C1E58EDD6",
"C#\Shared Logics\PageHashCalc.cs","PageHashCalc.cs","5F3D472E9D257D1E2A51A1E944453D8D33125339C6BD23B3B7B461CB9A68EF68A478419A1940C2A687DCCB6ACD7EACD8123BA64A318C589AB61302F16FBF7A6F",
"C#\Shared Logics\PolicyFileSigningStatusDetection.cs","PolicyFileSigningStatusDetection.cs","158D0A29805A0C4DB5F50A37772D3D47053D8709329C0BDE3F95600D74B0D2B38336D5A3BE0103B09F554A05110F58C54470D58E8B66A9EC60630107D9B194DF",
"C#\Shared Logics\PolicyMerger.cs","PolicyMerger.cs","7E2D0D0765F28F9770BAEE4849099F74FEA829A0FD6818E6BE03AF3C9199E73F6C6616AD9A10A8A024BD79E5668888BF7395DA52B9A5052DC917807A8D20559E",
"C#\Shared Logics\PolicyToCIPConverter.cs","PolicyToCIPConverter.cs","A47DA7D63C69319617286862DC63587076B913A69BCC669C0621E4F9A762D0A683E1A9932CBBC8A1ECDD66A27A0473017C7997F542A3E2A8CBF209B6CE5A7452",
"C#\Shared Logics\PowerShellExecutor.cs","PowerShellExecutor.cs","0FB3D734EFA61DA3C3F1BABBA286E2AF901B1259141A69372F944B0CC92F2F4B8CB481032B5228D2BBFA0658C788F5E5DEB4447091128F562D16681A14B5DBE3",
"C#\Shared Logics\RemoveSupplementalSigners.cs","RemoveSupplementalSigners.cs","DE5C52FE5B9CAA2F7EF2C262E47207B73351FDF07A8F91B2548FBB49C5670E7BAA9B6A58904472A05ADE08420E16E67F2B51A6479EB4A41ABECF7CF9877DC7C0",
"C#\Shared Logics\ScanLevelz.cs","ScanLevelz.cs","CB64FAC3D7D3C8C6E701EE3884E926BD2AFE3E9E664AAC68A53DB458DCEF94B8F18F70BD8CA7551516CD6B255DBDD5E4AF4DE244948F0DF0522CAF1C000B09EF",
"C#\Shared Logics\SecureStringComparer.cs","SecureStringComparer.cs","3FE4DD0A2B3067B0DF49D68D8D96F2694EB7C125F19CD3B884B0D3FA32A6BEBB7E7BE99E689F643F4BD5793CD4F78AAE920FEA0D37E0B22A4ED873BDF6391FA2",
"C#\Shared Logics\SignToolHelper.cs","SignToolHelper.cs","B05EA7D5D3A5AC4BE91984171A7576DCDDB244A430CA1B60B7F29580EBE3CC01E5085407EFEACDA9030F842D087E035641C640D31D4D56638DAE2405107D27F7",
"C#\Shared Logics\SnapBackGuarantee.cs","SnapBackGuarantee.cs","F0F52045EAD2C79BD31BFDF9558C37088F7F3AB8D23313348DB600357A0673B281DE381DE7B46D5847C0EC6BD53F8C26D33764D8CB16A347A2288C425949875F",
"C#\Shared Logics\StagingArea.cs","StagingArea.cs","05E3A1006A295508D1CEA0BB4B1CDC64F2D867E2C12DFCB26BC76616BC15FB4EACA66BE5D873171F81074BA2E9D83D26AAC0CFEAE667AEB01D731B825CF30964",
"C#\Shared Logics\SupplementalForSelf.cs","SupplementalForSelf.cs","A329DF4E1DF3945C3D85E7E46FEBA325D22361B5B88614C715F9F40251C74BE15CD53B705424DC9C3D00BA93DAA5DC34C391A37A1CCCF6FBAC3E793E7378C221",
"C#\Shared Logics\VersionIncrementer.cs","VersionIncrementer.cs","751A27517031A83A93B0962A016E94689083949F1F4624335B9B122768BEEDE7AC4667EC8DB9CF7AC7924202E723B82C3471DAFD947F28930A43EB0917815708",
"C#\Shared Logics\WldpQuerySecurityPolicy.cs","WldpQuerySecurityPolicy.cs","EBB5AA457E1C37D1C77D1502892E1E9392C513BBF726273C45EA4527780F9CC255843301E5C46B9D95AAE3B1B350830C9AAC9CA0D3CA7EDB9C3F89BAD1D557B3",
"C#\Shared Logics\XmlFilePathExtractor.cs","XmlFilePathExtractor.cs","6C4EF669FCBB64226702CC0E39E0990E04932E806A5CB958D2CF91126052FDE2349ECB3D1BBD43E7B5A3D5721BB11BA297C7935641DECFF6E62C83A8B0D83B44",
"Resources\User Configurations\Schema.json","Schema.json","9A20EF0148D298178B35C1AAB961C46AF62BBCC0BB0DCCBE63F2FE08E0A764406267449CDD686A01F85650622DA6E690D12FBB88BB3A7E070BA58C1AF8FBC813",
"Resources\WDAC Policies\DefaultWindows_Enforced_Kernel.xml","DefaultWindows_Enforced_Kernel.xml","846663A7B0CAD90A2305F3C3322D6C2CFA6277B7E4B083CB478FF409DB29A7D0D71318845B884518B8D2F87B66A5EA327D4EB2D39A9707D1EE41B0237812FFD6",
"Resources\WDAC Policies\DefaultWindows_Enforced_Kernel_NoFlights.xml","DefaultWindows_Enforced_Kernel_NoFlights.xml","7E4BC35A3F0840C8F3921FB260CE84660DC3CAACB7850A1AEF13AFC48B0E069D27562C5632444926BF60B44A0E0FF522D0215F1F7DD5E1A7E51A45E86AB7F44C",
"Resources\WDAC Policies-Archived\DefaultWindows_Enforced_Kernel.xml","DefaultWindows_Enforced_Kernel.xml","BDC7B623386570F383B4A113BF06C7FF6A5A4271AFE572B5D68EEBC161CD650B62E70636527DFBEF09A8F95E66899CEEC424AA22CD00BBEF6D7888759D812F8D",
"Resources\WDAC Policies-Archived\DefaultWindows_Enforced_Kernel_NoFlights.xml","DefaultWindows_Enforced_Kernel_NoFlights.xml","D02BCCFA3C35E179A634AFCDE04259C43F8FBD619A4D0D2F7BAC1A8A9FBC58D3EBC7EE89B1B2EC6B3C17BD6EC38ADB501B271AEA3037B980D10EAB9AFA3B8308",
"Resources\WDAC Policies-Archived\Readme.md","Readme.md","66F9B622C333505E782F1AF1509BFBDABF1AD5167042064593FEEA5245D6CFAFE60DBDA5231D600D4157BC424E49F77D33302CE77B79D1D30CA8E29ECFDB31F1",
"C#\Shared Logics\Logging\Logger.cs","Logger.cs","E4BD45274BD7694F802F3763FD85A9F57F5E0F640A3DA93DBD2F413C6D79B5A40083114DB8ABC702209A5C5F4FCF09A9725C687D2CB78053E6A78EB532DDF94E",
"C#\Shared Logics\Logging\LoggerInitializer.cs","LoggerInitializer.cs","FEA86852715582AAA86189B37D0675A7B11D657971814CD5D2115060A07CF31C8BB43796ACE3EF4038B8ACB2A7963D396A72815B648EF7FBBEA47B56406ECDC4",
"C#\Shared Logics\Main Cmdlets\AssertWDACConfigIntegrity.cs","AssertWDACConfigIntegrity.cs","A20AB75518CBEB54C2EA389C700077B41EE9539E500E9DC6F5B54E0A51D8B5C6A588F896F33B741F030FFA592688F9F997B7A6D33B3DEC646D3006BB5DBEF2F9",
"C#\Shared Logics\Main Cmdlets\BasePolicyCreator.cs","BasePolicyCreator.cs","2798BC995A8FCBBF40BC561E6004E360ACD74568894963DAF987FF3BD919F02EDD6728F7CB5F293614D808731DBDB9DAEC43E6A9AA052B16F8E00739C7D74003",
"C#\Shared Logics\Main Cmdlets\GetCiFileHashes.cs","GetCiFileHashes.cs","2E1823CAF5194503C7B3E472892E189F39FD8D7F5F50CBB9AE1FBBEF18D32AAF8AA89B70CFE67A1ABD4BB8EC80C0685CC8C07EB9AA0B3525ADF341514434BE06",
"C#\Shared Logics\Main Cmdlets\GetCIPolicySetting.cs","GetCIPolicySetting.cs","BD4BA56CF822CBAF1E48FDBC9372C8F658B4FC1E0270C5B217FB568A39FF1202DA43776F89B6E27B728E2246B5F4F167BD3269C04212A6AE05D7CF7B08434568",
"C#\Shared Logics\Main Cmdlets\SetCiRuleOptions.cs","SetCiRuleOptions.cs","4A3ADE6EF7BE26AB3E127D14FC89965B5243F68808C68455D0E18E5F615DF65FB7E6F723318CEA3538D6AFB5B6A8DFA2164F39759E43B02FFC09368A0CB9281C",
"C#\Shared Logics\Main Cmdlets\TestCiPolicy.cs","TestCiPolicy.cs","0663346A758E84591FE38C56515BA3CB7702CBCE6DC17481325289145BA076C0B98C9A643A02AC292C124561A4424A09275F3A6A2F9B968ECEE14697DA0E7096",
"C#\Shared Logics\Main Cmdlets\UserConfiguration.cs","UserConfiguration.cs","D11CBCBF231E42D9A7DA0F048C3444DDADECF6DDD0647BBBE52296AD967DA0351A609FD729C0921081C44055E7AD9D9EAEFDF2BE9A91B0743CB5FFAE525D1D9C",
"C#\Shared Logics\Types And Definitions\AuthenticodePageHashes.cs","AuthenticodePageHashes.cs","69259EC08E76712C3356FEEB6E6947AB220A0BEC595DE9FAC751E3DDCEB3DABA7A09C17EBDBA90FB92599E8E5F2B5FA6EA11E8CBA9E9942CEE9972D39D1924EF",
"C#\Shared Logics\Types And Definitions\CertificateDetailsCreator.cs","CertificateDetailsCreator.cs","73E462B00DFB10760FD3F0F3C4C46481E9AEBF479D5003C58D967FFE3B9F7C7FA29461043AE48DB1C65F8531D933A1A638CE2E25CE2A6DE739A7E96B253EAE73",
"C#\Shared Logics\Types And Definitions\CertificateSignerCreator.cs","CertificateSignerCreator.cs","306AA8DF0B0058D6F7C9D32D3D1C82AF000785C0C53520625D1773944B0DD4412F753E9C1A455DD560CFD894622B573FFE515A42A8363266381B7F795AA7109A",
"C#\Shared Logics\Types And Definitions\ChainElement.cs","ChainElement.cs","EC1DFF868E54906FA07101AF319A6822AB27D6E7F8E25B37AE180E5EB4F80751D222C6590385BFB0BF65AB5F20F0940EEFB5339CCB5E2EFD01B2C9276766820A",
"C#\Shared Logics\Types And Definitions\ChainPackage.cs","ChainPackage.cs","B62BB48E0BBFFE3B287217DD806A7BEA26701EDC895BE1A286B1391B672E5278ACA4DDB57C322907FDB2642EE792EB2A4A83E639B031C0A02B97A5240ADEB678",
"C#\Shared Logics\Types And Definitions\FileBasedInfoPackage.cs","FileBasedInfoPackage.cs","99D8780B1BFF785B9B9A624BAA3D5FF5594D605703876A4CAC6B6737DD1032822C35125C2260EAFC1FAF406BCA0ED644F71121117E79F0F59F32CBABD9A7403E",
"C#\Shared Logics\Types And Definitions\FilePublisherSignerCreator.cs","FilePublisherSignerCreator.cs","7189505A96FD53B2DD9D37527252A09C50C54ED5A19AFFD2D8CB20D2CC1071D01B008B8A103E7989B4384DF92AEBD88EDA5996F4FD9920324CECB9D8A59C5F3D",
"C#\Shared Logics\Types And Definitions\HashCreator.cs","HashCreator.cs","59032549EB5F3DCC6DA40293A85A2B41118B1E693D971E7B38D24C7C92914F65D548588D7E8F9541DF35E575E726E13D3D1B0A7CEE7B0650AAE724474ADE3EA7",
"C#\Shared Logics\Types And Definitions\OpusSigner.cs","OpusSigner.cs","96C971554AD3ACD9F48E0142EF6C4145B77E8973F67842F41BBE9F7A5C0ABFFF297A10FA9C274E336D5EA8779A6355FD21705316388407F4185A5D0F5433672E",
"C#\Shared Logics\Types And Definitions\PolicyHashObj.cs","PolicyHashObj.cs","055141838035CF686B4270F6079A0E6B3003AE07C50804A012CFA4A997005F1A27EA7F302BA9B3AD6E5BDDF494E7C12857DB414DB4EBC1E196E2597E371CB1BF",
"C#\Shared Logics\Types And Definitions\PublisherSignerCreator.cs","PublisherSignerCreator.cs","762711AE676DBD2A07D7E566E5E5872DBA5B98C35FF2EA504388507782A1266D679B3F05B3D96B7DD9F801C61743B00D3ECB3A2F317E45178D9E031F66BF27AC",
"C#\Shared Logics\Types And Definitions\Signer.cs","Signer.cs","2CC93B3C842B95CD900128AAB551DDEDEF76A04BC8E63470BF5BE58C000C31034418C4D2EC5854E2D511D047EF1393694DE198BD9073CC3BCB185FF1AAAD4B2C",
"C#\Shared Logics\Types And Definitions\SimulationInput.cs","SimulationInput.cs","949ED49875820BC5E1B3692EF2DA53556250770E240841742C2FC44CE5BCCCFD6398F2C16EE12476C53783A3715A740C3F7DFBD64A343726775E1F79454C087F",
"C#\Shared Logics\Types And Definitions\SimulationOutput.cs","SimulationOutput.cs","D5B6D3BB8D33E757590B3D1120832662E458D2955C48A4F7D0660F0C47B3BD686CBB940E1C4BBDC1C3D3C6303123282B79144CBB0FDC5095ECFF2B8C0B4DEEBC",
"C#\Shared Logics\Types And Definitions\WinTrust.cs","WinTrust.cs","C6790B1AD3D421AC2937598B57F0A57DCF817F1C2F5E9CF67B5F9CE53950037DCFEA042746F7D16BDF0E446DD6C429D1951AA903EDB8C221853BEBB800EA83B5",
"C#\Shared Logics\Variables\CILogIntel.cs","CILogIntel.cs","A56E1B331B9CFADC01330D60C4ED81F54B97F265705BA0F2A6CC63D93E80EE3B818154D054737EE2A75385EB0BF35BA7483325CC6512C13AB9E9B1CFC4F0B5DC",
"C#\Shared Logics\Variables\GlobalVars.cs","GlobalVars.cs","1261346D0411C8E932187F266196E83E21BF6D9AE3E6DE5BEFA73B9A73A921DEA5C40F33364924F85749413A2E3A665D6E3C66671A92FDEA72C3066A1A36C56D",
"C#\Shared Logics\WDAC Simulation\GetCertificateDetails.cs","GetCertificateDetails.cs","1849C78C1F0AA4AAE5ADEDC5A925DACA9D4824B7D1A69EBAC33E99C5D7F2EB2B095CE6322DAE0F89737C5B57F2E1AA3CC8D014DF8FA1014E5DE89EDDF581AD4A",
"C#\Shared Logics\WDAC Simulation\GetFileRuleOutput.cs","GetFileRuleOutput.cs","C3CB20F12349C3FCB9A4E292FB3A6F31C9024A509A45E629541D279DCA02378DF2764C5CC18D48AB7D4B9D41555A6D7A193E99BA8B29894BA3C72DB8352BFC68",
"C#\Shared Logics\WDAC Simulation\GetSignerInfo.cs","GetSignerInfo.cs","DFB00D2420BF1C47B222EC51599A0C1D8364C8273B26AE797B925321D10D680A78175ABD7A4467B750ACAC907665CED413FCC9F4A1D6817A483E12D7E96B9663",
"C#\Shared Logics\XMLOps\CloseEmptyXmlNodesSemantic.cs","CloseEmptyXmlNodesSemantic.cs","1D09C18E0FA00CDE08ED7873871FD5CE09A1949E27A47CC7C3A0CC5A8AAECBCBAD59C53CA7EFF74B389C17121480246959F106CA7131EAFD7471218F20C08733",
"C#\Shared Logics\XMLOps\SetCiPolicyInfo.cs","SetCiPolicyInfo.cs","8DFA3C120C49CE8449DB3DBF94589EF193FC226AC823F7E711E8A0A7405B3A4FEB2D4DB968198D203DF6465B0CB3642830C0FD068F47175221C1C43A332BD543",
"C#\Shared Logics\XMLOps\SignerAndHashBuilder.cs","SignerAndHashBuilder.cs","1E95714769033C6BD2389658CFEDCFC1A207252B1A369913C740D01BDDEB5DECC95C47669968B42413D43127BA2367A02004B1ED8FBDED32E30EC06228A1552B",
"C#\Shared Logics\XMLOps\UpdateHvciOptions.cs","UpdateHvciOptions.cs","A73B532BE7313EEB0FD021C9A68D53458CD1B9C5F280837ED48B01361C300D0CBF831F2608010356D9BE06EDCA28182A93C837B27F172A931CEE95DF75D19027",
